Chinese,Synonym1,Synonym2,Synonym3,Synonym4
的,of
大,big,large,great
中,middle,center,China
一,one,single
人,person,human
子,child,son
日,sun,day
山,mountain,hill
文,literature,culture,script
本,book,origin,root
数,number,digit,figure
国,country,nation,state
新,new,fresh
是,is,are,am
田,field,farmland
道,road,way,path,Tao
村,village,hamlet
用,use,to use,apply
天,sky,heaven,day
镇,town,small city
不,not,no
学,learn,study,science,learning
有,have,possess
上,up,above,on
会,meeting,can,be able to,conference
小,small,little
行,walk,go,conduct,okay
三,three
市,city,market
王,king,ruler,surname Wang
区,district,area,region
年,year,age
生,life,live,birth
成,become,turn into,achieve
定,decide,set,determine
个,individual,unit,piece
和,and,peace,harmony
在,at,in,on
方,direction,side,method
高,high,tall
地,earth,ground,land
月,moon,month
公,public,common,male
出,out,to go out,exit
法,law,method,way
名,name,famous
下,down,below,under
社,society,community
为,for,do,be,because of
乡,countryside,village,rural
川,river,stream
之,of
字,character,word,letter
海,sea,ocean
東,east,eastern
明,bright,clear,next
时,time,hour,moment
南,south,southern
西,west,western
平,flat,peaceful,calm
式,style,type,form
家,home,house,family
第,ordinal number,number (prefix)
城,city,town
美,beautiful,pretty
件,piece,item,document
部,part,section,department
女,woman,female
神,god,deity,spirit
以,by,with,according to,in order to
太,too,very,extremely
前,front,before,previous
金,gold,metal
野,wild,field,uncultivated
北,north,northern
加,add,plus,increase
原,origin,source,plain
置,place,set,put
安,peace,safe,secure
我,I,me,myself
京,capital,Beijing
可,can,may,able to
取,take,fetch,get
县,county,district
二,two
理,reason,logic,manage
自,self,oneself,from
信,believe,letter,trust
代,replace,generation,era
要,want,need,important
化,change,transform,melt
木,wood,tree,wooden
水,water,liquid
島,island
正,correct,right,proper
内,inside,inner,within
作,make,do,compose
合,combine,join,fit
回,return,go back,reply
了,(completed action),(change of state)
所,place,that which,therefore
事,matter,thing,affair
表,table,watch,list,form
分,divide,part,minute
入,enter,go in,join
全,whole,complete,entire
里,inside,in,within
郎,man,husband,young fellow
据,according to,base on
州,state,province
者,person,one who does
通,through,pass,communicate
都,capital,city,metropolis
江,river,Yangtze River
到,arrive,reach
对,correct,towards,to treat
使,use,send,make
世,world,generation
果,fruit,result,if indeed
十,ten
藤,wisteria
来,come,arrive
面,face,surface,side
这,this,these
街,street,avenue
石,stone,rock
能,ability,can,capability
空,empty,sky,space
武,martial,military
后,after,behind,later
元,origin,yuan (currency),primary
河,river,stream
町,town,neighborhood
花,flower,blossom
类,type,kind,category
物,thing,object,matter
版,edition,version
动,move,motion,action
如,like,as,if
真,true,real,genuine
号,number,mark,sign
林,forest,grove,woods
書,book,document
民,people,folk,nationality
口,mouth,opening,entrance
示,show,indicate,display
图,map,chart,drawing
戦,battle,war,fight
李,plum,surname Li
光,light,ray,shine
白,white,blank
心,heart,mind
设,set up,establish,arrange
路,road,way,path
最,most,the most
手,hand,handle
型,type,model,pattern
建,build,establish,construct
主,main,master,host
集,collect,gather,assemble
目,eye,item,mesh
度,degree,extent,measure
長,long,length
星,star,planet
五,five
重,heavy,important,repeat
于,at,in,on,from
发,hair,send out,develop
史,history,annals
國,country,nation,state
你,you
駅,station,depot
多,many,much
士,scholar,gentleman,soldier
四,four
司,department,control,manage
次,next,time,order
立,stand,establish,set up
点,point,dot,spot
音,sound,noise
器,device,instrument,utensil
井,well,pit
存,exist,survive
当,should,act as,just at
寺,temple,monastery
性,nature,character,sex
也,also,too
位,position,place,seat
值,value,worth,to be worth
古,ancient,old
院,courtyard,institute,hospital
界,boundary,border,realm
語,language,word,speech
愛,love,affection
時,time,hour,moment
东,east,eastern
同,same,together,with
保,protect,maintain
青,blue,green,youth
体,body,form,style
清,clear,pure
相,mutual,each other,appearance
情,emotion,feeling,situation
将,will,shall,general
族,tribe,family,clan
宮,palace,temple
政,politics,government
间,between,among,space
松,pine,loose,relax
始,begin,start
息,breath,rest,news
少,few,little,young
教,teach,education,religion
获,obtain,gain
列,list,arrange,row
开,open,start
科,section,department,science
春,spring
治,govern,manage,cure
吉,good luck,auspicious
台,platform,stage
工,work,labor,industry
知,know,realize
八,eight
場,place,field,ground
画,draw,painting
百,hundred
記,record,remember
得,obtain,get,gain
氏,clan,family name
关,close,relation
标,mark,label,sign
外,outside,foreign
間,between,among,space
校,school
制,system,control,manufacture
力,power,force,strength
門,door,gate
好,good,well,nice
指,finger,point,indicate
色,color
返,return,go back
馬,horse
请,please,invite
風,wind,style
接,connect,receive
志,aspiration,will,ambition
魔,demon,devil
更,more,change,further
程,process,journey
郡,county,district
利,benefit,profit,advantage
県,prefecture,county
周,week,circle
谷,valley,gorge
香,fragrance,aroma
期,period,term
初,first,initial
福,fortune,blessing
片,piece,slice,film
動,move,motion,action
参,participate,join,refer
義,righteousness,justice,meaning
象,elephant,image,symbol
功,achievement,merit
过,pass,exceed,fault
皇,emperor
特,special,particular,unusual
长,long,length
英,hero,England
其,its,his,her,their
流,flow,stream,current
除,remove,except,divide
永,eternal,forever
直,direct,straight,honest
千,thousand
館,building,hall,house
朝,morning,dynasty
单,single,alone
格,pattern,style,grid
德,virtue,morality
歌,song,sing
进,enter,advance
限,limit,restrict,boundary
夫,husband,man
園,garden,park
量,quantity,measure,amount
土,soil,earth,ground
放,release,put,let go
码,code,number
等,wait,class,grade
系,system,department
華,Chinese,splendid,flowery
常,often,usual,frequent
否,no,deny
見,see,look
源,source,origin
实,real,true,honest
博,extensive,abundant
解,solve,explain,untie
男,male,man
無,none,nothing
查,check,investigate
条,strip,item,article
後,after,behind,later
他,he,him
网,net,network
阿,prefix,ah (used before kinship terms)
户,household,door
命,life,fate,command
就,just,then,only
龍,dragon
君,you,ruler
夏,summer
言,word,speech,say
先,before,first,previous
典,code,classic,ceremony
府,prefecture,government
组,group,organize
改,change,alter,modify
华,Chinese,splendid,flowery
与,and,with,give
调,tune,adjust,investigate
由,from,by,due to
修,repair,fix,cultivate
學,learn,study
消,disappear,eliminate
符,symbol,mark,tally
录,record,register
已,already,stop
陽,sun,yang
容,contain,hold,appearance
未,not yet,future
宗,ancestor,clan,sect
龙,dragon
提,lift,raise,mention
六,six
形,shape,form,figure
伊,he,she (archaic)
火,fire,flame
佐,assistant,help
结,tie,knot,conclude
九,nine
雄,male,hero
而,and,but,yet
张,open,stretch,expand
向,towards,direction,to face
选,choose,select,pick
仁,benevolence,kindness
堂,hall,large room
久,long,duration
义,righteousness,justice,meaning
无,none,nothing
那,that,those
線,line,wire
务,service,affairs,task
基,base,foundation,basic
属,belong,category,genus
配,match,fit,distribute
軍,army,military
津,ferry,ford
完,complete,finish
研,research,study
注,pour,focus,register
失,lose,miss,fail
应,should,respond,promise
友,friend,friendly
章,chapter,section,badge
求,seek,request,demand
们,plural marker
模,model,pattern,imitate
需,need,require
電,electricity
此,this,these
夜,night,evening
或,or,perhaps
橋,bridge
根,root,basis,origin
玉,jade,precious stone
交,intersect,exchange,associate
品,product,item,quality
良,good,fine,nice
则,then,rule,law
開,open,start,operate
被,by,quilt
株,stock,stump,share
记,remember,record
會,meeting,can,be able to,conference
经,pass through,scripture,classic
转,turn,transfer,revolve
崎,cape,promontory
比,compare,than,ratio
造,create,build,invent
没,not,nothing,drown
现,appear,current,present
七,seven
商,business,commerce,discuss
机,machine,opportunity
阳,sun,yang
角,horn,angle,corner
站,stand,station
及,and,reach
術,art,technique,skill
认,recognize,admit
创,create,begin,establish
編,compile,edit
伝,transmit,report
岡,hill,ridge
港,harbor,port
任,responsibility,appoint
登,ascend,climb
布,cloth,spread
究,study,investigate
帝,emperor
密,secret,dense
变,change,become
序,sequence,order
计,calculate,plan
曲,song,melody,bend
传,transmit,pass on,spread
包,wrap,bag
意,meaning,idea,thought
去,go,leave
沙,sand,gravel
写,write,compose
超,exceed,surpass
今,now,present
森,forest,woods
黄,yellow
景,scenery,view
湖,lake
何,what,why,how
宇,universe,cosmos
張,stretch,expand,surname Zhang
语,language,word,speech
老,old,aged
例,example,case
鉄,iron
克,overcome,gram
然,so,like that,thus
報,report,newspaper
服,clothes,serve
想,think,consider
実,real,true,honest
载,load,carry
波,wave,ripple
马,horse,morph,numeral classifier for horses
状,shape,form
线,line,thread
洋,ocean,foreign
万,ten thousand,myriad
添,add,increase
球,ball,sphere
機,machine,opportunity
支,branch,support
显,appear,show,obvious
拉,pull,draw
送,send,deliver
隊,team,group
处,place,department
師,teacher,master,specialist
像,like,similar
黒,black,dark
只,only,just
起,rise,begin,start
段,section,paragraph
區,area,district,region
選,choose,select,pick
業,business,industry,profession
算,calculate,count,figure
广,wide,extensive
视,see,watch,view
秋,autumn,fall
因,because,cause
输,lose,transport
康,health,peaceful
思,think,consider
死,death,die
聖,holy,sacred
头,head,leader
車,vehicle,car
按,press,according to
夢,dream,vision
汉,Han,man
从,from,follow
题,topic,subject
展,exhibit,spread
省,save,province,reduce
葉,leaf,page
素,plain,simple
関,relation,connection
页,page,leaf
共,common,together
宿,lodge,stay,overnight
态,state,condition
技,skill,technique
乐,happy,music
控,control,accuse
移,move,transfer
影,shadow,image,photograph
管,pipe,tube,manage
戸,door,household
函,letter,envelope
尾,tail,end
场,field,place
介,introduce,between
育,educate,nurture
泉,spring,fountain
说,speak,say
换,exchange,change
必,must,necessary
紀,chronicle,record
宝,treasure,precious
気,air,gas,spirit
门,door,gate
令,command,order
左,left
漢,Han,man
若,if,like,seem
屋,house,building
局,bureau,office
打,hit,beat
発,emit,send out
问,ask,question
恋,love,in love
兵,soldier,army
別,separate,other,difference
并,merge,combine
节,festival,section
引,pull,draw
统,unite,govern,system
智,wisdom,intelligence
电,electricity,electric
赤,red,bare
断,cut,break
称,call,name
身,body,oneself
首,head,leader
付,attach,pay
連,connect,join
官,official,government
持,hold,keep
奈,endure,Nara (city)
御,honorable,imperial
親,parent,close,dear
库,warehouse,storehouse
秀,excellent,show
址,site,location
守,guard,defend
活,live,alive
藏,hide,store
竹,bamboo
草,grass,herb
結,tie,knot,conclude
昌,prosperous,flourishing
樹,tree
勝,win,victory
足,foot,leg
航,navigate,sail
陳,arrange,display
业,industry,business,profession
富,rich,wealthy
雪,snow
再,again,once more
默,silent,quiet
楽,joy,music
沢,swamp,marsh
羅,net,gauze
忠,loyalty,faithful
错,wrong,mistake
桥,bridge
雲,cloud
该,should,ought to
岩,rock,cliff
专,specialized,expert
切,cut,slice
店,store,shop
朱,vermilion,red
幸,fortunate,lucky
母,mother
串,skewer,string together
击,hit,strike
設,establish,set up
經,experience,pass through
座,seat,place
云,cloud,say
告,tell,inform
変,change,transform
试,try,test
隆,prosperous,abundant
判,judge,decide
劉,Liu (surname)
编,compile,edit
达,reach,achieve
右,right
复,return,again
看,see,look
話,speak,talk
坂,slope,hill
尔,you,thou
衛,guard,protect
丸,round,pill
样,pattern,kind,type
鬼,ghost,spirit
喜,joy,happiness
斯,this,thus
銀,silver
群,group,crowd
近,near,close
塔,tower,pagoda
确,sure,certain
索,search,demand
非,not,wrong
望,hope,expect
希,hope,wish
甲,armor,shell
越,exceed,surpass
鳥,bird
麻,hemp,numb
雅,elegant,graceful
拳,fist,boxing
溪,creek,stream
测,measure,survey
话,speak,talk
池,pond,pool
菜,vegetable,dish
食,eat,food
渡,cross,ferry
速,fast,quick
陈,arrange,display
健,healthy,strong
军,army,military
庄,manor,village
红,red
論,theory,discussion
孝,filial piety
頭,head,leader
飛,fly
么,small,tiny
達,reach,achieve
巴,Ba,target
洞,cave,hole
貴,precious,valuable
项,item,neck
种,type,kind,seed
运,transport,luck
彦,distinguished,talented
书,book,document
构,construct,build
米,rice,meter
连,connect,join
操,operate,exercise
装,dress,outfit
反,opposite,anti-
仮,temporary,false
员,member,personnel
昭,shining,bright
兴,prosper,excitement
客,guest,visitor
删,delete,remove
居,reside,live
現,present,current
助,help,assist
唐,Tang (dynasty)
瀬,rapids,current
微,tiny,small
舞,dance
导,lead,guide
效,effect,imitate
深,deep,profound
梅,plum
料,material,expect
每,each,every
洲,continent,island
茶,tea
败,fail,defeat
些,some,a few
双,pair,double
嘉,excellent,good
進,advance,enter
丁,T,nail
故,old,reason
計,calculate,plan
遠,far,distant
候,wait,expect
房,house,room
两,two,both
才,talent,ability
止,stop,halt
番,turn,number
奇,strange,odd
怪,strange,monster
联,unite,join
泰,peaceful,Thailand
边,edge,side
还,return,still
黃,yellow
收,receive,collect
弘,vast,great
给,give,supply